{
    "jangili srinithya": {
        "maths": [
            {
                "score": 0.0,
                "correct": 0,
                "feedback": "You got 0/3 correct. Score: 0.0%. Let's go back and review the topic again."
            }
        ],
        "english": [
            {
                "score": 0.0,
                "correct": 0,
                "feedback": "You got 0/3 correct. Score: 0.0%. Let's go back and review the topic again."
            }
        ]
    }
}