{
    "jangili srinithya": {
        "name": "jangili srinithya",
        "education_level": "College",
        "grade": null,
        "grades": {
            "english": 65,
            "maths": 65,
            "physics": 75
        },
        "subjects": [
            "english",
            "maths",
            "physics"
        ],
        "progress": {
            "maths": [
                {
                    "score": 0.0,
                    "correct": 0
                }
            ],
            "english": [
                {
                    "score": 0.0,
                    "correct": 0
                }
            ]
        },
        "taught_concepts": {
            "english": [
                "Main Concept Name: **Subjunctive Mood: Expressing Wishes, Hypotheticals, and Demands**",
                "Main Concept Name: **Participial Phrases: Adding Detail and Conciseness**"
            ],
            "maths": [
                "### Partial Fraction Decomposition",
                "### Complex Numbers: Polar Form and De Moivre's Theorem"
            ],
            "physics": []
        },
        "levels": {}
    },
    "srinithya": {},
    " jangili srinithya": {},
    " jangili Srinithya": {}
}